Monthly Rainfall by Zip Code (in inches),,,,,,,,,,,,,,,,,,,,,,,,,,,,,,,,,,,,,,,,,,,,,,,,,,,,,,,,,,,,,,,,,,,,,,,,,,,,,,,,,,,,,,,,,,,,,,,,,,,,,,,,,,,,,,,,,,,,,,,,,,,,,,,,,,,,,
,,,,,,,,,,,,,,,,,,,,,,,,,,,,,,,,,,,,,,,,,,,,,,,,,,,,,,,,,,,,,,,,,,,,,,,,,,,,,,,,,,,,,,,,,,,,,,,,,,,,,,,,,,,,,,,,,,,,,,,,,,,,,,,,,,,,,
,,,,,,,,,,,,,,,,,,,,,,,,,,,,,,,,,,,,,,,,,,,,,,,,,,,,,,,,,,,,,,,,,,,,,,,,,,,,,,,,,,,,,,,,,,,,,,,,,,,,,,,,,,,,,,,,,,,,,,,,,,,,,,,,,,,,,
,,,,,,,,,,,,,,,,,,,,,,,,,,,,,,,,,,,,,,,,,,,,,,,,,,,,,,,,,,,,,,,,,,,,,,,,,,,,,,,,,,,,,,,,,,,,,,,,,,,,,,,,,,,,,,,,,,,,,,,,,,,,,,,,,,,,,
Zip Code,City,State,10 Year Average,Jan-11,Feb-11,Mar-11,Apr-11,May-11,Jun-11,Jul-11,Aug-11,Sep-11,Oct-11,Nov-11,Dec-11,Jan-12,Feb-12,Mar-12,Apr-12,May-12,Jun-12,Jul-12,Aug-12,Sep-12,Oct-12,Nov-12,Dec-12,Jan-13,Feb-13,Mar-13,Apr-13,May-13,Jun-13,Jul-13,Aug-13,Sep-13,Oct-13,Nov-13,Dec-13,Jan-14,Feb-14,Mar-14,Apr-14,May-14,Jun-14,Jul-14,Aug-14,Sep-14,Oct-14,Nov-14,Dec-14,Jan-15,Feb-15,Mar-15,Apr-15,May-15,Jun-15,Jul-15,Aug-15,Sep-15,Oct-15,Nov-15,Dec-15,Jan-16,Feb-16,Mar-16,Apr-16,May-16,Jun-16,Jul-16,Aug-16,Sep-16,Oct-16,Nov-16,Dec-16,Jan-17,Feb-17,Mar-17,Apr-17,May-17,Jun-17,Jul-17,Aug-17,Sep-17,Oct-17,Nov-17,Dec-17,Jan-18,Feb-18,Mar-18,Apr-18,May-18,Jun-18,Jul-18,Aug-18,Sep-18,Oct-18,Nov-18,Dec-18,Jan-19,Feb-19,Mar-19,Apr-19,May-19,Jun-19,Jul-19,Aug-19,Sep-19,Oct-19,Nov-19,Dec-19,Jan-20,Feb-20,Mar-20,Apr-20,May-20,Jun-20,Jul-20,Aug-20,Sep-20,Oct-20,Nov-20,Dec-20,Jan-21,Feb-21,Mar-21,Apr-21,May-21,Jun-21,Jul-21,Aug-21,Sep-21,Oct-21
49682,Suttons Bay,MI, 2.84 , 2.09 , 0.64 , 1.39 , 5.11 , 2.42 , 4.46 , 0.54 , 1.48 , 3.09 , 3.72 , 3.72 , 1.41 , 2.06 , 1.10 , 2.96 , 1.11 , 4.34 , 4.87 , 1.74 , 0.72 , 3.53 , 5.89 , 0.93 , 2.50 , 2.62 , 2.40 , 2.26 , 4.14 , 2.69 , 1.85 , 1.80 , 4.22 , 2.85 , 5.99 , 5.57 , 1.83 , 2.17 , 1.17 , 1.24 , 4.87 , 3.31 , 2.39 , 1.47 , 2.74 , 6.78 , 6.92 , 3.89 , 1.30 , 0.86 , 0.59 , 0.74 , 1.42 , 3.84 , 1.64 , 0.74 , 2.91 , 4.52 , 2.30 , 3.74 , 3.91 , 2.68 , 1.72 , 3.64 , 2.28 , 1.82 , 2.04 , 2.08 , 3.51 , 2.71 , 2.69 , 1.45 , 2.53 , 2.03 , 1.11 , 2.38 , 2.61 , 2.65 , 4.21 , 2.19 , 1.35 , 1.90 , 8.05 , 2.25 , 2.83 , 1.93 , 1.91 , 0.68 , 3.71 , 3.34 , 2.26 , 1.82 , 4.47 , 3.98 , 4.04 , 2.68 , 1.76 , 1.89 , 2.20 , 1.85 , 3.18 , 3.21 , 4.77 , 3.19 , 1.06 , 5.42 , 4.62 , 4.50 , 3.39 , 1.82 , 0.92 , 2.69 , 3.49 , 5.34 , 3.05 , 3.66 , 3.65 , 3.25 , 7.04 , 1.65 , 1.25 , 0.81 , 1.36 , 0.56 , 1.66 , 2.80 , 2.02 , 8.35 , 4.86 , 3.02 , 2.29 
49747,Hubbard Lake,MI, 2.70 ,  , 0.71 , 1.96 , 6.19 , 3.13 , 2.72 , 2.27 , 2.87 , 2.75 , 5.10 , 3.18 , 1.16 , 1.69 , 1.11 , 2.22 , 1.50 , 3.22 , 2.74 , 1.20 , 2.37 , 1.71 , 4.65 , 0.36 , 3.11 , 2.51 , 1.93 , 1.29 , 5.83 , 4.88 , 1.68 , 3.95 , 1.78 , 1.43 , 3.46 , 2.82 ,  , 1.34 , 1.01 , 0.81 , 4.85 , 3.28 , 2.88 , 5.37 , 6.44 , 2.69 , 2.93 , 2.18 , 1.82 , 0.74 , 0.31 , 0.67 , 2.46 , 3.51 , 4.05 , 1.11 , 4.26 , 3.50 , 1.61 , 2.87 , 2.68 , 1.20 , 1.85 , 3.74 , 3.56 , 1.27 , 2.09 , 1.80 , 5.35 , 2.63 , 2.72 , 1.77 , 1.65 , 1.89 , 1.74 , 3.31 , 5.20 , 2.30 , 4.07 , 3.98 , 3.55 , 1.17 , 6.59 , 2.36 , 0.53 , 1.82 , 3.00 , 0.85 , 3.95 , 2.83 , 1.02 , 7.20 , 3.15 , 3.91 , 7.29 , 1.90 , 2.00 , 2.00 , 2.21 , 1.28 , 2.86 , 4.60 , 4.89 , 2.85 , 1.19 , 2.92 , 3.85 , 2.76 , 3.17 , 1.57 , 0.93 , 1.81 , 3.24 , 5.75 , 2.13 , 2.90 , 5.26 , 1.87 , 3.05 , 2.22 , 1.19 , 0.64 , 0.98 , 1.32 , 0.56 , 3.24 , 2.93 , 4.26 , 3.93 , 3.09 , 3.93 
49868,Newberry,MI, 3.33 , 2.26 , 1.46 , 1.74 , 4.43 , 2.71 , 4.24 , 1.81 , 0.97 ,  , 5.68 ,  , 1.95 , 2.88 , 0.87 , 1.90 , 0.95 , 1.12 ,  , 1.87 , 3.23 , 3.13 , 5.91 ,  , 2.99 , 4.94 , 3.99 , 3.22 , 3.45 , 2.28 , 1.46 ,  , 4.55 , 2.89 , 2.96 , 7.37 , 3.66 , 5.04 , 1.56 , 1.86 , 4.15 , 2.52 , 3.07 , 2.17 , 3.58 , 4.96 , 7.22 , 6.08 , 3.42 , 3.41 , 1.93 , 1.94 , 1.89 , 3.49 , 1.30 , 1.61 , 1.68 , 3.03 , 2.56 , 3.94 , 4.98 , 3.40 , 3.13 , 2.85 , 2.75 , 1.08 , 3.11 , 3.69 , 2.94 , 7.66 , 4.26 , 2.23 , 4.61 , 3.89 , 4.27 , 2.57 , 2.71 , 2.85 , 5.55 , 5.09 , 3.32 , 1.72 , 7.24 , 3.07 , 5.24 , 3.14 , 2.56 , 0.82 , 3.26 , 2.61 , 1.07 , 2.82 , 1.41 , 5.18 , 9.04 , 3.70 , 1.54 , 4.48 , 6.46 , 1.87 , 4.51 , 3.43 , 6.02 , 1.87 , 3.39 , 5.69 , 6.54 , 5.22 , 4.13 , 2.98 , 2.46 , 3.78 , 3.46 , 1.37 , 3.69 , 1.61 , 3.24 , 3.85 , 4.36 , 3.63 , 2.22 , 1.55 , 2.10 , 1.53 , 2.05 , 0.91 , 3.83 , 3.55 , 1.44 , 4.41 ,  
50162,Melbourne,IA, 2.86 , 0.43 , 0.62 , 1.29 , 3.28 , 6.52 , 5.89 , 1.60 , 1.74 , 1.38 , 0.34 , 2.43 , 2.64 , 0.28 , 1.21 , 2.09 , 3.56 , 1.87 , 2.91 , 0.13 , 2.45 , 1.83 , 4.89 , 1.05 , 1.14 , 1.20 , 1.21 , 2.25 , 5.24 , 11.83 , 4.43 , 0.58 , 0.59 , 1.43 , 1.95 , 1.77 , 0.44 , 0.15 , 1.63 , 0.68 , 6.24 , 3.76 , 7.78 , 4.11 , 5.90 , 5.01 , 3.10 , 0.96 , 1.14 , 0.50 , 1.06 , 0.36 , 2.53 , 2.58 , 8.80 , 5.26 , 6.32 , 4.76 , 1.69 , 2.81 , 4.45 , 0.44 , 0.43 , 2.41 , 2.11 , 3.85 , 2.15 , 5.56 , 5.64 , 4.66 , 0.93 , 1.35 , 1.92 , 1.50 , 0.51 , 2.70 , 2.61 , 4.01 , 1.44 , 1.84 , 4.97 , 1.22 , 5.29 , 0.20 , 0.20 , 1.06 , 1.38 , 2.26 , 0.85 , 3.84 , 7.72 , 3.89 , 4.60 , 13.44 , 4.26 , 2.03 , 2.01 , 1.06 , 1.65 , 2.30 , 2.73 , 8.10 , 3.02 , 1.45 , 5.11 , 4.32 , 7.39 , 1.22 , 1.41 , 1.51 , 0.19 , 2.96 , 1.54 , 3.48 , 5.64 , 2.19 , 0.99 , 4.48 , 3.31 , 2.69 , 1.65 , 1.17 , 0.77 , 3.02 , 0.80 , 4.11 , 4.03 , 4.10 , 1.13 , 0.98 , 4.63 
50166,Milo,IA, 3.09 , 0.92 , 1.84 , 1.78 , 3.91 , 8.40 , 13.41 , 1.17 , 4.40 , 0.76 , 0.61 , 2.90 , 1.87 , 0.38 , 2.22 , 2.28 , 4.13 , 1.94 , 1.84 , 0.51 , 1.50 , 0.66 , 3.87 , 1.77 , 1.77 , 1.14 , 2.55 , 1.98 , 6.84 , 8.41 , 3.05 , 1.09 , 2.24 , 2.79 , 2.15 , 1.11 , 0.88 , 0.09 , 2.16 , 0.21 , 5.73 , 4.96 , 7.06 , 2.70 , 9.45 , 7.42 , 3.85 , 0.41 , 0.75 , 0.20 , 1.82 , 0.56 , 3.01 , 4.77 , 8.13 , 10.54 , 3.39 , 4.26 , 0.91 , 3.66 , 4.77 , 0.66 , 1.29 , 1.33 , 2.47 , 4.27 , 2.50 , 8.74 , 5.73 , 6.13 , 0.80 , 0.77 , 1.24 , 1.52 , 0.68 , 2.85 ,  ,  , 1.39 , 1.14 , 3.01 , 2.26 , 4.19 , 0.37 ,  ,  , 1.27 , 2.66 , 1.04 , 6.41 , 9.32 , 1.71 , 3.02 , 9.96 , 4.43 , 1.80 , 2.46 , 1.02 , 1.63 , 1.66 , 1.67 , 10.77 , 3.05 , 3.09 , 5.02 , 5.56 , 7.21 , 1.00 , 1.12 , 1.30 , 0.13 , 2.62 , 2.10 , 3.65 , 7.58 , 3.52 , 2.16 , 4.27 , 2.69 , 2.22 , 1.87 , 1.34 , 0.56 , 2.93 , 1.41 , 4.76 , 4.34 , 5.40 , 2.84 , 0.70 , 7.24 
50231,Randall,IA, 3.19 , 0.72 , 1.12 , 1.07 , 4.40 , 7.05 , 6.11 , 2.67 , 3.21 , 2.46 , 1.21 , 3.05 , 2.39 , 0.43 , 0.93 , 2.74 , 4.14 , 2.49 , 2.78 , 2.33 , 2.64 , 2.21 , 2.09 , 1.26 , 1.29 , 0.94 , 1.24 , 2.13 , 6.07 , 12.25 , 4.42 , 1.13 , 0.54 , 2.11 , 3.25 , 1.76 , 0.85 , 0.14 , 1.70 , 0.92 , 7.22 , 3.54 , 8.26 , 4.60 , 5.48 , 6.11 , 3.87 , 0.76 , 1.44 , 0.67 , 1.07 , 0.26 , 3.66 , 4.75 , 9.13 , 8.25 , 9.33 , 4.63 , 1.88 , 2.97 , 6.43 , 0.81 , 0.93 , 3.26 , 2.56 , 3.92 , 2.28 , 5.42 , 6.88 , 9.93 , 0.76 , 1.50 , 1.42 , 2.03 , 1.39 , 3.19 , 2.63 , 5.69 , 2.93 , 2.84 , 2.98 , 2.77 , 4.88 , 0.39 , 0.35 , 1.26 , 1.65 , 3.43 , 1.43 , 4.75 , 14.31 , 3.76 , 5.88 , 10.35 , 3.71 , 2.19 , 2.46 , 1.19 , 2.21 , 1.16 , 2.19 , 8.33 , 3.39 , 3.65 , 2.82 , 5.92 , 5.52 , 1.52 , 1.44 , 1.53 , 0.44 , 3.28 , 1.99 , 6.63 , 1.52 , 1.37 , 1.58 , 3.01 , 1.25 , 1.48 , 1.33 , 0.79 , 0.75 , 2.43 , 0.47 , 2.80 , 2.34 , 5.71 , 3.30 , 1.78 , 6.33 
52319,Oakdale,IA, 3.25 , 0.63 , 1.49 , 1.98 , 3.62 , 4.94 , 7.01 , 4.98 , 1.00 , 1.29 , 0.89 , 2.39 , 2.24 , 0.43 , 1.02 , 1.90 , 4.11 , 4.28 , 1.89 , 0.40 , 3.82 , 2.39 , 3.47 , 1.72 , 1.90 , 1.74 , 1.71 , 2.79 , 8.25 , 8.48 , 4.36 , 2.82 , 0.13 , 2.63 , 3.55 , 1.41 , 0.76 , 0.43 , 1.78 , 0.59 , 5.25 , 2.26 , 8.28 , 9.22 , 4.26 , 6.81 , 3.86 , 1.12 , 1.09 , 0.63 , 1.28 , 0.46 , 3.15 , 6.08 , 7.59 , 2.98 , 4.97 , 4.42 , 4.07 , 4.71 , 4.20 , 0.34 , 0.50 , 1.97 , 1.54 , 3.91 , 6.30 , 5.11 , 7.12 , 3.26 , 1.87 , 1.13 , 1.09 , 1.33 , 0.30 , 2.89 , 4.67 , 3.92 , 3.46 , 8.03 , 1.60 , 0.90 , 3.50 , 0.87 , 0.94 , 0.27 , 2.81 , 3.40 , 0.59 , 5.17 , 8.53 , 2.67 , 7.23 , 7.28 , 6.87 , 3.40 , 1.70 , 1.69 , 2.79 , 2.15 , 5.44 , 11.33 , 3.70 , 1.22 , 5.64 , 7.37 , 3.17 , 1.52 , 1.21 , 1.78 , 0.28 , 4.14 , 1.66 , 5.01 , 5.83 , 4.73 , 0.45 , 6.49 , 2.18 , 2.68 , 2.09 , 1.30 , 0.82 , 2.80 , 2.68 , 4.29 , 3.47 , 4.03 , 3.08 , 0.69 , 5.84 
52499,Cedar Rapids,IA, 3.27 , 0.62 , 1.68 , 2.22 , 3.78 , 3.40 , 5.98 , 4.66 , 3.45 , 2.11 , 1.57 , 3.09 , 2.81 , 1.27 , 1.11 , 2.64 , 3.61 , 1.37 , 2.85 , 1.34 , 2.97 , 2.10 , 3.45 , 1.76 , 1.15 , 0.72 , 1.39 , 3.00 , 8.39 , 6.26 , 6.30 , 3.64 , 1.10 , 2.06 , 2.08 , 2.38 , 0.95 , 0.61 , 2.02 , 0.56 , 6.90 , 2.76 , 11.65 , 3.40 , 2.38 , 5.41 , 3.26 , 1.50 , 1.19 , 0.56 , 1.25 , 0.85 , 4.59 , 4.41 , 8.94 , 2.90 , 2.65 , 5.25 , 3.31 , 4.02 , 4.50 , 0.71 , 0.42 , 2.73 , 3.37 , 2.35 , 7.22 , 6.77 , 7.74 , 6.79 , 1.56 , 2.28 , 1.17 , 1.85 , 0.65 , 2.09 , 6.34 , 4.74 , 4.94 , 4.91 , 3.08 , 0.64 , 4.29 , 0.74 , 0.80 , 0.83 , 1.77 , 1.21 , 0.94 , 5.92 , 6.72 , 4.04 , 7.31 , 8.42 , 4.69 , 1.98 , 2.39 , 1.11 , 2.72 , 1.52 , 4.33 , 7.50 , 3.98 , 1.40 , 4.76 , 7.04 , 6.43 , 1.60 , 1.45 , 1.24 , 0.40 , 2.81 , 3.36 , 4.69 , 6.29 , 3.38 , 2.30 , 8.05 , 3.81 , 2.26 , 1.52 , 1.26 , 0.93 , 2.22 , 1.43 , 3.49 , 8.60 , 1.02 , 3.64 , 1.34 , 5.84 
52656,West Point,IA, 3.23 , 1.07 , 1.52 , 1.75 , 4.06 , 6.30 , 11.49 , 1.01 , 0.94 , 1.19 , 1.89 , 5.19 , 3.37 , 0.43 , 1.27 , 1.11 , 3.01 , 5.89 , 2.87 , 1.88 , 1.39 , 3.25 , 4.04 , 1.47 , 2.50 , 1.99 , 2.78 , 3.42 , 5.91 , 8.68 , 3.85 , 2.18 , -   , 2.37 , 3.37 , 1.86 , 1.01 , 0.67 , 3.91 , 1.00 , 3.53 , 1.87 , 6.56 , 5.26 , 4.47 , 3.84 , 4.87 , 1.74 , 0.79 , 1.02 , 1.72 , 0.46 , 1.67 , 4.95 , 11.41 , 8.80 , 2.69 , 1.89 , 2.14 , 5.17 , 5.41 , 0.62 , 1.18 , 2.31 , 2.67 , 2.84 , 0.53 , 6.46 , 7.31 , 1.65 , 2.66 , 2.33 , 1.51 , 2.07 , 0.24 , 3.44 , 5.25 , 2.58 , 0.91 , 2.29 , 2.67 , 2.65 , 4.55 , 0.83 , 0.42 , 0.74 , 3.23 , 4.08 , 0.63 , 2.41 , 3.39 , 3.12 , 4.85 , 8.03 , 6.49 , 2.83 , 1.63 , 3.17 , 2.66 , 4.07 , 2.19 , 13.00 , 4.56 , 2.36 , 3.29 , 8.75 , 2.55 , 1.50 , 1.47 , 2.44 , 0.56 , 3.21 , 3.33 , 4.34 , 4.61 , 6.11 , 0.29 , 4.93 , 0.79 , 3.29 , 2.63 , 2.19 , 0.89 , 3.24 , 5.19 , 6.80 , 4.80 , 4.70 , 2.92 , 3.05 , 4.87 
53082,Sheboygan,WI, 2.95 , 1.29 , 2.29 , 2.70 , 5.57 , 2.74 , 4.26 , 3.09 , 0.66 , 3.48 , 0.98 , 3.49 , 1.37 , 1.56 , 0.94 , 3.97 , 3.08 , 3.21 , 3.07 ,  , 2.56 , 0.67 , 6.15 , 0.74 , 3.61 , 2.58 , 3.25 , 2.23 , 4.98 , 4.52 , 3.19 , 2.46 , 2.30 , 3.45 , 1.76 , 2.59 , 1.54 , 1.11 , 1.31 , 0.70 , 5.62 , 4.29 , 6.27 , 4.17 , 2.46 , 2.76 , 5.34 , 2.83 , 1.03 , 0.50 , 0.40 , 0.59 , 3.37 , 4.32 , 4.71 , 1.15 , 5.39 , 3.65 , 1.94 , 3.61 , 4.19 , 0.77 , 0.83 , 4.43 , 1.85 , 3.42 , 3.34 , 6.11 , 2.53 , 5.94 , 3.38 , 1.99 , 2.63 , 3.06 , 1.39 , 3.44 , 4.64 , 3.21 , 4.83 , 3.09 , 4.73 , 1.01 , 2.64 , 1.18 , 0.63 , 1.81 , 1.87 , 0.94 , 2.37 , 4.76 , 2.30 , 2.41 , 8.39 , 1.83 , 5.48 , 1.50 , 2.21 , 2.30 , 2.11 , 1.44 , 5.14 , 3.61 , 3.79 , 3.51 , 3.78 , 4.37 , 8.69 , 2.35 , 2.73 , 1.84 , 0.81 , 2.74 , 2.19 , 7.10 , 4.47 , 5.36 , 3.72 , 2.24 , 2.79 , 1.88 , 1.31 , 1.13 , 1.30 , 1.03 , 1.31 , 2.96 , 3.47 , 2.90 , 4.32 , 2.44 , 1.74 
53110,Cudahy,WI, 3.13 , 0.67 , 2.71 , 3.44 , 5.80 , 3.04 , 3.78 , 3.24 , 0.48 , 3.67 , 2.26 , 3.04 , 2.06 , 0.86 , 1.61 , 2.99 , 2.94 , 2.60 , 1.34 , 5.35 , 2.64 , 2.71 , 3.55 , 0.43 , 4.01 , 3.74 , 2.63 , 1.48 , 8.08 , 4.50 , 5.57 , 1.83 , 3.90 , 1.81 , 2.74 , 3.39 , 1.63 , 0.73 , 1.11 , 1.33 , 4.43 , 3.64 , 5.44 , 5.17 , 4.45 , 2.18 , 3.18 , 1.58 , 1.09 , 0.66 , 1.56 , 0.63 , 5.76 , 3.28 , 3.20 , 1.24 , 3.65 , 2.87 , 2.19 , 4.11 , 4.49 , 0.42 , 0.90 , 3.23 , 2.43 , 3.04 , 2.00 , 2.33 , 4.22 , 3.16 , 3.80 , 1.85 , 1.88 , 2.23 , 1.76 , 4.39 , 5.06 , 4.45 , 5.50 , 3.52 , 2.89 , 0.53 , 4.76 , 1.35 , 0.33 , 1.69 , 3.28 , 0.63 , 3.56 , 7.66 , 5.87 , 1.85 , 6.30 , 5.94 , 6.38 , 2.17 , 2.06 , 3.04 , 3.74 , 1.64 , 3.63 , 6.89 , 4.69 , 2.90 , 4.37 , 7.30 , 7.85 , 1.77 , 2.48 , 2.41 , 0.83 , 3.77 , 5.25 , 6.37 , 3.70 , 5.35 , 6.89 , 2.87 , 3.44 , 1.78 , 1.53 , 1.62 , 1.43 , 0.92 , 1.53 , 2.35 , 2.80 , 2.22 , 4.39 , 0.91 , 3.98 
53570,Monticello,WI, 3.24 , 0.78 , 2.57 , 2.68 , 4.03 , 3.11 , 3.39 , 4.72 , 3.22 , 3.20 , 1.37 , 3.55 , 2.48 , 1.49 , 0.99 , 2.58 , 2.74 , 2.82 , 0.89 , 1.86 , 1.62 , 1.97 , 4.18 , 1.01 , 3.16 , 2.70 , 2.70 , 2.23 , 8.33 , 4.71 , 8.79 , 2.15 , 1.50 , 1.95 , 1.58 , 1.97 , 1.10 , 1.09 , 1.38 , 1.42 , 4.10 , 4.12 , 7.37 , 1.61 , 5.31 , 2.72 , 4.02 , 1.38 , 0.96 , 0.60 , 0.87 , 1.02 , 0.82 , 4.33 , 8.67 , 2.61 , 2.77 , 6.18 , 1.88 , 6.05 , 4.84 , 0.53 , 0.40 , 2.62 , 1.93 , 2.38 , 5.20 , 6.02 , 7.08 , 4.11 , 3.18 , 3.40 , 2.03 , 2.28 , 1.63 , 2.55 , 5.19 , 5.17 , 6.11 , 8.43 , 4.46 , 0.05 , 5.57 , 0.67 , 0.45 , 2.09 , 3.70 , 0.62 , 1.44 , 4.02 , 7.22 , 3.55 , 10.15 , 8.51 , 5.24 , 1.19 , 2.20 , 2.75 , 2.78 , 1.35 , 2.57 , 7.93 , 4.35 , 4.34 , 6.26 , 8.51 , 5.09 , 2.63 , 1.50 , 1.98 , 1.25 , 3.22 , 3.38 , 4.70 , 3.66 , 4.34 , 4.00 , 5.29 , 2.40 , 1.57 , 2.75 , 2.18 , 1.06 , 1.65 , 2.22 , 1.81 , 1.47 , 2.39 , 3.08 , 0.71 , 5.08 
54415,Blenker,WI, 3.08 , 0.74 , 0.62 , 1.88 , 2.96 , 3.18 , 4.13 , 8.15 ,  , 3.64 , 2.32 , 0.87 , 1.35 , 1.20 , 1.10 , 1.30 , 2.28 , 3.83 , 3.60 , 1.35 , 4.09 , 1.71 , 5.77 , 1.23 , 1.69 , 1.35 , 1.41 , 1.79 , 4.28 , 6.63 , 4.74 , 2.37 , 1.06 , 3.31 , 7.16 , 1.93 , 1.28 , 1.38 , 1.50 , 0.83 , 5.20 , 4.80 , 5.18 , 2.95 , 6.91 , 3.11 , 3.54 , 2.19 , 1.62 , 0.53 , 0.17 , 0.37 , 3.55 , 4.97 , 5.22 , 2.91 , 3.06 , 6.66 , 2.31 , 2.68 , 4.97 , 0.69 , 0.69 , 4.75 , 1.80 , 2.85 , 6.60 , 4.31 , 3.89 , 5.96 , 2.18 , 1.87 , 2.08 , 2.34 , 1.45 , 2.69 , 5.96 , 5.70 , 6.86 , 4.12 , 2.90 , 1.20 , 4.22 , 0.79 , 0.80 , 1.32 , 1.11 , 0.67 , 2.44 , 4.08 , 5.50 , 2.64 , 4.47 , 4.94 , 5.00 , 1.77 , 1.26 , 1.06 , 3.70 , 1.60 , 4.51 , 5.63 , 3.57 , 7.18 , 3.39 , 8.62 , 4.23 , 1.63 , 3.41 , 1.02 , 0.59 , 3.37 , 1.69 , 4.17 , 4.48 , 3.65 , 3.79 , 2.39 , 2.78 , 2.26 , 0.37 , 0.76 , 0.96 , 1.72 , 2.29 , 4.03 , 6.47 , 4.42 , 9.98 , 1.22 , 1.54 
54431,Little Black,WI, 3.05 , 1.13 , 1.14 , 2.98 , 3.81 , 3.06 , 5.30 , 5.61 , 4.31 , 4.37 , 2.39 , 0.80 , 1.33 , 0.98 , 1.82 , 1.41 , 2.56 , 3.93 , 6.85 , 1.50 , 1.18 , 1.46 , 3.87 , 1.12 , 1.14 , 1.40 , 1.54 , 2.00 , 4.75 , 6.00 , 6.47 , 1.71 , 3.80 , 2.14 , 4.61 , 1.98 , 1.89 , 1.37 , 1.50 , 0.89 , 4.06 , 3.70 , 6.60 , 3.37 , 5.72 , 6.08 , 2.91 , 2.25 , 1.79 , 0.61 , 0.35 , 0.85 , 2.55 , 3.68 , 5.50 , 2.84 , 4.27 , 2.71 , 2.91 , 2.54 , 4.78 , 0.72 , 0.80 , 4.66 , 3.57 , 3.93 , 4.04 , 6.91 , 7.85 , 3.50 , 1.79 , 2.17 , 2.35 , 2.00 , 1.57 , 1.67 , 4.62 , 5.64 , 6.94 , 2.52 , 3.48 , 1.27 , 4.37 , 0.99 , 1.08 , 1.42 , 1.30 , 1.68 , 2.02 , 1.89 , 4.72 , 2.12 , 3.81 , 4.76 , 6.57 , 1.99 , 1.35 , 0.90 , 4.75 , 1.20 , 3.70 , 6.38 , 4.72 , 7.98 , 4.14 , 6.09 , 3.70 , 1.67 , 3.00 , 1.48 , 0.43 , 3.06 , 2.26 , 3.36 , 4.99 , 5.92 , 2.53 , 2.56 , 2.54 , 2.15 , 0.38 , 0.64 , 1.18 , 1.62 , 3.07 , 4.69 , 5.32 , 6.40 , 5.54 , 0.99 ,  
54470,Rib Lake,WI, 3.05 , 1.13 , 1.14 , 2.98 , 3.81 , 3.06 , 5.30 , 5.61 , 4.31 , 4.37 , 2.39 , 0.80 , 1.33 , 0.98 , 1.82 , 1.41 , 2.56 , 3.93 , 6.85 , 1.50 , 1.18 , 1.46 , 3.87 , 1.12 , 1.14 , 1.40 , 1.54 , 2.00 , 4.75 , 6.00 , 6.47 , 1.71 , 3.80 , 2.14 , 4.61 , 1.98 , 1.89 , 1.37 , 1.50 , 0.89 , 4.06 , 3.70 , 6.60 , 3.37 , 5.72 , 6.08 , 2.91 , 2.25 , 1.79 , 0.61 , 0.35 , 0.85 , 2.55 , 3.68 , 5.50 , 2.84 , 4.27 , 2.71 , 2.91 , 2.54 , 4.78 , 0.72 , 0.80 , 4.66 , 3.57 , 3.93 , 4.04 , 6.91 , 7.85 , 3.50 , 1.79 , 2.17 , 2.35 , 2.00 , 1.57 , 1.67 , 4.62 , 5.64 , 6.94 , 2.52 , 3.48 , 1.27 , 4.37 , 0.99 , 1.08 , 1.42 , 1.30 , 1.68 , 2.02 , 1.89 , 4.72 , 2.12 , 3.81 , 4.76 , 6.57 , 1.99 , 1.35 , 0.90 , 4.75 , 1.20 , 3.70 , 6.38 , 4.72 , 7.98 , 4.14 , 6.09 , 3.70 , 1.67 , 3.00 , 1.48 , 0.43 , 3.06 , 2.26 , 3.36 , 4.99 , 5.92 , 2.53 , 2.56 , 2.54 , 2.15 , 0.38 , 0.64 , 1.18 , 1.62 , 3.07 , 4.69 , 5.32 , 6.40 , 5.54 , 0.99 ,  
54487,Tomahawk,WI, 2.76 , 0.93 , 0.74 ,  , 2.68 , 2.69 , 3.87 , 2.83 , 3.46 , 2.48 , 1.50 , 1.03 , 1.54 , 1.21 , 1.34 , 1.03 , 1.97 , 6.87 , 4.02 , 3.56 , 1.59 , 1.65 , 3.22 , 1.23 , 1.04 , 1.08 , 1.20 ,  , 4.37 , 3.33 , 4.77 , 2.66 , 3.77 , 1.57 , 4.07 , 1.86 , 1.55 , 1.49 , 0.97 , 0.66 , 3.33 , 2.85 , 4.33 , 2.00 , 4.94 , 6.69 , 3.26 , 2.62 , 1.65 , 0.68 , 0.23 , 0.89 , 1.88 , 3.85 , 3.30 , 2.99 , 3.48 , 2.12 , 3.42 , 2.60 , 3.88 , 0.48 , 0.77 ,  , 2.99 , 2.70 , 6.58 , 3.43 , 5.85 , 4.55 , 4.64 , 1.57 , 1.28 , 1.71 , 1.14 , 1.34 , 5.74 , 5.72 , 7.29 , 2.31 , 3.85 , 2.02 , 4.93 , 0.83 , 1.70 , 1.47 , 0.94 , 1.38 , 2.89 , 1.26 , 6.11 , 2.96 , 3.12 , 3.31 , 4.76 , 1.67 , 0.65 , 0.74 , 5.06 , 0.88 , 3.52 , 5.50 , 2.82 , 4.85 , 2.82 , 5.15 , 2.67 , 1.56 , 3.58 , 1.19 , 0.34 ,  , 2.86 , 2.31 , 4.02 , 7.65 , 2.30 , 2.99 , 1.74 , 1.67 , 0.49 , 0.48 , 1.14 , 1.70 , 2.89 , 2.21 , 4.42 , 5.13 , 5.46 , 1.42 , 1.86 
04053,Merepoint,ME, 4.14 , 2.87 , 3.27 , 5.80 , 7.26 , 4.55 , 3.63 , 2.76 , 8.58 , 4.74 , 6.55 , 4.32 , 3.54 , 3.35 , 1.28 , 2.37 , 4.44 , 5.45 , 11.54 , 1.07 , 5.02 , 4.87 , 6.76 , 1.01 , 6.36 , 1.34 , 4.04 , 2.59 , 2.30 , 6.22 , 6.36 , 7.12 , 6.82 , 5.26 , 0.99 , 4.84 , 4.19 , 3.93 , 4.17 , 4.94 , 3.41 , 7.22 , 4.26 , 7.40 , 5.04 , 0.77 , 6.85 , 3.78 , 5.81 , 4.76 , 1.76 , 1.28 , 4.02 , 1.07 , 7.15 , 2.99 , 3.07 , 4.06 , 7.65 , 2.59 , 4.97 , 3.65 , 5.60 , 4.22 , 2.88 , 2.09 , 3.82 , 2.40 , 2.65 , 1.27 , 6.10 , 4.28 , 4.59 , 3.80 , 5.38 , 3.41 , 5.00 , 5.48 , 2.31 , 3.20 , 1.71 , 4.91 , 9.17 , 2.03 , 3.85 , 5.46 , 3.20 , 4.01 , 5.02 , 1.33 , 3.35 , 5.57 , 3.18 , 3.78 , 4.78 , 7.43 , 4.08 , 5.68 , 3.18 , 2.14 , 4.77 , 4.63 , 6.08 , 3.06 , 5.86 , 1.64 , 8.02 , 3.80 , 5.04 , 3.32 , 3.69 , 3.53 , 6.63 , 3.00 , 3.26 , 4.07 , 2.18 , 0.98 , 5.67 , 4.23 , 7.70 , 2.92 , 3.59 , 1.67 , 3.95 , 2.38 , 0.98 , 5.65 , 3.25 , 4.76 , 4.22 
04105,Falmouth,ME, 3.97 , 2.56 , 3.44 , 4.81 , 7.30 , 3.60 , 2.08 , 2.21 , 8.19 , 5.08 , 6.54 , 2.98 , 3.70 , 3.82 , 1.24 , 2.04 , 5.16 , 5.24 , 11.07 , 2.52 , 5.93 , 3.87 , 4.68 , 1.31 , 6.69 , 1.15 , 4.15 , 2.11 , 1.79 , 5.10 , 6.01 , 3.78 , 3.22 , 7.40 , 1.64 , 4.25 , 3.69 , 3.50 , 3.49 , 3.88 , 3.02 , 4.46 , 3.00 , 6.99 , 7.09 , 1.06 , 6.30 , 3.86 , 6.21 , 3.93 , 2.04 , 1.53 , 3.49 , 2.07 , 6.07 , 2.33 , 3.93 , 7.96 , 3.49 , 2.50 , 4.56 , 3.73 , 4.54 , 4.54 , 2.81 , 2.03 , 3.76 , 4.47 , 3.31 , 1.07 , 7.82 , 4.32 , 4.81 , 2.99 , 3.70 , 2.82 , 5.00 , 6.05 , 3.33 , 1.44 , 2.63 , 2.57 , 5.66 , 2.39 , 3.47 , 3.60 , 3.57 , 2.53 , 5.11 , 0.90 , 4.27 , 4.05 , 3.70 , 4.77 , 4.39 , 8.67 , 3.65 , 4.99 , 3.03 , 2.63 , 5.06 , 4.79 , 6.07 , 2.87 , 4.22 , 0.78 , 6.90 , 2.74 , 6.77 , 3.28 , 3.57 , 2.39 , 5.61 , 2.54 , 5.39 , 5.20 , 2.24 , 1.16 , 4.86 , 6.73 , 5.22 , 2.51 , 3.16 , 1.84 , 3.94 , 2.15 , 0.83 , 10.47 , 1.70 , 5.32 , 5.11 
04107,Cape Elizabeth,ME, 3.97 , 2.56 , 3.44 , 4.81 , 7.30 , 3.60 , 2.08 , 2.21 , 8.19 , 5.08 , 6.54 , 2.98 , 3.70 , 3.82 , 1.24 , 2.04 , 5.16 , 5.24 , 11.07 , 2.52 , 5.93 , 3.87 , 4.68 , 1.31 , 6.69 , 1.15 , 4.15 , 2.11 , 1.79 , 5.10 , 6.01 , 3.78 , 3.22 , 7.40 , 1.64 , 4.25 , 3.69 , 3.50 , 3.49 , 3.88 , 3.02 , 4.46 , 3.00 , 6.99 , 7.09 , 1.06 , 6.30 , 3.86 , 6.21 , 3.93 , 2.04 , 1.53 , 3.49 , 2.07 , 6.07 , 2.33 , 3.93 , 7.96 , 3.49 , 2.50 , 4.56 , 3.73 , 4.54 , 4.54 , 2.81 , 2.03 , 3.76 , 4.47 , 3.31 , 1.07 , 7.82 , 4.32 , 4.81 , 2.99 , 3.70 , 2.82 , 5.00 , 6.05 , 3.33 , 1.44 , 2.63 , 2.57 , 5.66 , 2.39 , 3.47 , 3.60 , 3.57 , 2.53 , 5.11 , 0.90 , 4.27 , 4.05 , 3.70 , 4.77 , 4.39 , 8.67 , 3.65 , 4.99 , 3.03 , 2.63 , 5.06 , 4.79 , 6.07 , 2.87 , 4.22 , 0.78 , 6.90 , 2.74 , 6.77 , 3.28 , 3.57 , 2.39 , 5.61 , 2.54 , 5.39 , 5.20 , 2.24 , 1.16 , 4.86 , 6.73 , 5.22 , 2.51 , 3.16 , 1.84 , 3.94 , 2.15 , 0.83 , 10.47 , 1.70 , 5.32 , 5.11 
04267,North Waterford,ME, 3.81 , 1.61 , 2.45 , 4.31 , 6.22 , 4.61 , 2.73 , 3.58 , 9.44 , 3.80 , 5.54 , 3.90 , 3.15 , 2.74 , 0.89 , 1.61 , 3.51 , 5.55 , 9.99 , 2.00 , 6.24 , 5.65 , 6.43 , 0.55 , 6.77 , 1.73 , 3.11 , 2.25 , 1.80 , 6.43 , 5.42 , 6.63 , 3.46 , 5.57 , 1.34 , 4.47 , 3.03 , 3.66 , 3.20 , 3.20 , 3.82 , 7.16 , 4.62 , 9.28 , 3.67 , 1.49 , 6.03 , 2.72 , 4.48 , 3.09 , 1.21 , 1.03 , 2.95 , 1.76 , 7.29 , 3.20 , 4.59 , 3.89 , 5.80 , 1.71 , 5.09 , 2.57 , 4.32 , 3.25 , 3.07 , 2.35 , 4.33 , 2.68 , 3.15 , 1.03 , 5.24 , 3.69 , 3.57 , 4.08 , 4.98 , 2.83 , 4.41 , 5.80 , 4.10 , 3.99 , 3.17 , 2.66 , 7.88 , 2.27 , 3.72 , 3.86 , 2.25 , 3.42 , 3.40 , 1.38 , 2.81 , 3.59 , 4.86 , 2.89 , 4.49 , 7.00 , 4.05 , 4.66 , 2.50 , 1.99 , 4.86 , 4.31 , 4.35 , 3.67 , 4.94 , 3.35 , 6.68 , 4.18 , 3.99 , 3.11 , 3.70 , 2.70 , 6.04 , 2.98 , 3.43 , 5.29 , 1.87 , 0.82 , 6.70 , 2.25 , 6.61 , 2.20 , 2.94 , 1.16 , 3.98 , 1.91 , 1.45 , 6.70 , 2.94 , 3.81 , 3.32 
04270,Oxford,ME, 4.00 , 2.16 , 2.94 , 5.94 , 7.13 , 4.63 , 4.19 , 1.81 , 6.77 , 5.74 , 5.86 , 3.43 , 3.33 , 2.65 , 1.19 , 1.91 , 4.61 , 6.50 , 13.17 , 2.96 , 6.06 , 3.65 , 4.25 , 1.19 , 6.28 , 1.04 , 3.56 , 1.87 , 2.27 , 5.73 , 5.19 ,  , 3.97 , 7.09 , 1.24 , 4.41 , 3.10 , 3.09 , 3.28 , 4.09 , 3.35 , 6.06 , 3.28 , 9.27 , 5.45 , 1.12 , 5.81 , 3.12 , 6.17 , 3.61 , 1.70 , 1.20 , 3.51 , 1.11 , 6.76 , 4.49 , 2.57 , 3.81 , 7.67 , 2.37 , 4.96 , 3.31 , 4.85 , 4.14 , 2.90 , 2.17 , 3.38 , 3.67 , 3.46 , 1.35 , 7.65 , 4.54 , 4.11 , 3.02 , 3.45 , 2.44 , 5.10 , 5.65 , 3.64 , 2.80 , 3.18 , 3.20 , 8.22 , 2.20 , 3.22 , 3.22 , 2.93 , 2.21 , 5.14 , 0.95 , 3.59 , 4.93 , 5.19 , 4.30 , 3.83 , 7.99 , 2.56 , 5.44 , 2.63 , 2.20 , 5.53 , 4.98 , 5.56 , 3.70 , 3.34 , 1.26 , 7.97 , 3.33 , 5.94 , 2.94 , 3.23 , 2.41 , 5.59 , 2.77 , 5.53 , 5.25 , 3.22 , 1.13 , 5.65 , 3.96 , 7.63 , 2.55 , 2.79 , 1.98 , 4.15 , 2.90 , 0.63 , 11.42 , 1.49 , 4.00 , 5.92 
04274,Poland,ME, 4.00 , 2.16 , 2.94 , 5.94 , 7.13 , 4.63 , 4.19 , 1.81 , 6.77 , 5.74 , 5.86 , 3.43 , 3.33 , 2.65 , 1.19 , 1.91 , 4.61 , 6.50 , 13.17 , 2.96 , 6.06 , 3.65 , 4.25 , 1.19 , 6.28 , 1.04 , 3.56 , 1.87 , 2.27 , 5.73 , 5.19 ,  , 3.97 , 7.09 , 1.24 , 4.41 , 3.10 , 3.09 , 3.28 , 4.09 , 3.35 , 6.06 , 3.28 , 9.27 , 5.45 , 1.12 , 5.81 , 3.12 , 6.17 , 3.61 , 1.70 , 1.20 , 3.51 , 1.11 , 6.76 , 4.49 , 2.57 , 3.81 , 7.67 , 2.37 , 4.96 , 3.31 , 4.85 , 4.14 , 2.90 , 2.17 , 3.38 , 3.67 , 3.46 , 1.35 , 7.65 , 4.54 , 4.11 , 3.02 , 3.45 , 2.44 , 5.10 , 5.65 , 3.64 , 2.80 , 3.18 , 3.20 , 8.22 , 2.20 , 3.22 , 3.22 , 2.93 , 2.21 , 5.14 , 0.95 , 3.59 , 4.93 , 5.19 , 4.30 , 3.83 , 7.99 , 2.56 , 5.44 , 2.63 , 2.20 , 5.53 , 4.98 , 5.56 , 3.70 , 3.34 , 1.26 , 7.97 , 3.33 , 5.94 , 2.94 , 3.23 , 2.41 , 5.59 , 2.77 , 5.53 , 5.25 , 3.22 , 1.13 , 5.65 , 3.96 , 7.63 , 2.55 , 2.79 , 1.98 , 4.15 , 2.90 , 0.63 , 11.42 , 1.49 , 4.00 , 5.92 
04332,Augusta,ME, 3.51 , 0.61 , 1.81 , 2.61 , 4.31 , 4.26 , 1.76 , 3.64 , 6.33 , 3.63 , 4.63 , 2.11 , 2.85 , 2.88 , 1.32 , 1.71 , 3.34 ,  , 2.90 , 0.57 , 3.69 , 4.90 , 5.77 , 1.46 , 3.78 , 1.31 , 2.65 , 1.90 , 2.12 , 5.38 , 5.19 , 4.22 , 6.74 , 8.51 , 1.14 , 3.24 , 3.61 , 4.18 , 2.59 , 3.64 , 3.09 , 3.31 , 5.70 , 6.67 , 4.14 , 1.35 , 5.63 , 3.48 , 5.27 , 2.92 , 1.55 , 1.35 , 4.05 , 2.16 , 6.20 , 2.07 , 4.62 , 2.63 , 6.96 , 2.01 , 4.76 , 2.61 , 4.05 , 3.61 , 2.41 , 1.60 , 3.39 , 2.64 , 2.15 , 1.31 , 3.82 , 3.70 , 4.64 , 3.83 , 3.13 , 1.98 , 3.61 , 5.10 , 2.69 , 2.31 , 3.60 , 4.74 , 6.65 , 2.98 , 3.48 , 5.62 , 3.30 , 1.98 , 3.91 , 0.87 , 3.52 , 2.99 , 2.28 , 3.17 , 4.63 , 5.97 , 3.38 , 4.98 , 1.97 , 2.35 , 4.39 , 3.43 , 4.41 , 2.84 , 4.90 , 3.27 , 6.31 , 3.92 , 3.21 , 2.34 , 2.13 , 2.46 , 5.32 , 2.24 , 2.01 , 6.12 , 2.54 , 0.81 , 5.99 , 4.46 , 6.21 , 1.61 , 2.03 , 1.79 , 3.50 , 2.61 , 2.01 , 7.76 , 3.83 , 7.25 , 1.33 
04359,South Gardiner,ME, 3.90 , 2.47 , 3.26 , 7.03 , 6.53 , 4.78 , 4.89 , 1.28 , 5.36 , 3.83 , 5.39 , 3.92 , 3.39 , 3.51 , 1.15 , 2.11 , 4.75 , 5.95 , 8.47 , 1.56 , 5.09 , 3.77 , 6.20 , 1.30 , 6.10 , 1.18 , 4.70 , 2.44 , 1.51 , 5.46 , 6.57 , 4.51 , 5.59 , 7.61 , 0.91 , 5.13 , 3.78 , 4.29 , 2.64 , 3.28 , 2.66 , 4.26 , 5.38 , 7.45 , 5.44 , 1.07 , 5.94 , 3.55 , 6.21 , 5.27 , 2.07 , 1.02 , 5.69 , 1.11 , 5.65 , 2.19 , 3.33 , 3.41 , 8.42 , 1.57 , 4.69 , 3.76 , 4.32 , 3.71 , 3.12 , 1.89 , 4.26 , 2.22 , 2.80 , 1.08 , 5.46 , 3.31 , 5.11 , 3.98 , 4.05 , 2.38 , 4.68 , 5.77 , 2.52 , 1.57 , 3.34 , 2.58 , 8.02 , 2.52 , 3.68 , 4.86 , 4.19 , 2.50 , 5.22 , 0.90 , 3.44 , 3.55 , 2.70 , 4.56 , 4.67 , 7.92 , 3.84 , 5.63 , 2.44 , 2.22 , 4.62 , 4.19 , 5.95 , 2.86 , 3.53 , 1.66 , 7.93 , 4.54 , 4.61 , 2.90 , 3.17 , 2.95 , 6.70 , 2.59 , 2.73 , 3.31 , 2.28 , 0.81 , 6.57 , 5.37 , 8.00 , 2.22 , 2.82 , 1.97 , 3.17 , 2.47 ,  ,  ,  ,  ,  
05601,Montpelier,VT, 3.62 , 1.84 , 5.06 , 5.88 , 7.65 , 8.92 , 5.93 , 3.18 , 9.73 , 4.69 , 3.76 , 1.52 , 2.84 , 2.96 , 1.57 , 1.76 , 3.13 , 4.89 , 3.78 , 4.46 , 4.13 , 4.95 ,  , 1.55 , 5.52 , 2.11 , 2.30 , 3.21 , 2.19 , 5.29 , 9.60 , 8.48 , 3.10 , 3.56 , 2.01 , 4.26 , 4.50 , 3.24 , 3.21 , 4.08 , 2.76 , 5.03 , 3.56 , 6.11 , 2.44 , 1.00 , 3.35 , 2.94 , 4.20 , 2.41 ,  , 2.23 , 2.17 , 2.89 ,  , 5.29 , 1.74 , 3.14 , 2.90 , 1.86 , 5.97 , 1.89 ,  , 2.72 , 3.29 , 2.82 , 3.93 , 4.56 , 5.13 , 1.90 , 3.06 , 2.32 , 4.35 ,  , 3.25 , 3.87 , 5.11 , 5.17 , 8.59 , 4.31 , 3.23 , 3.09 , 5.81 , 2.24 ,  , 3.48 , 2.95 , 2.90 ,  , 3.09 , 3.21 , 3.03 , 2.35 , 2.86 , 4.69 ,  , 4.71 , 5.01 , 3.65 , 2.24 , 6.05 , 8.26 , 6.88 , 3.90 , 2.85 ,  ,  , 5.26 , 3.59 , 4.17 , 3.54 , 3.50 , 3.69 , 2.50 , 1.22 , 3.03 , 4.23 , 3.03 , 3.85 , 2.77 , 3.82 , 2.81 , 2.07 , 1.78 , 3.31 ,  , 1.38 , 5.94 , 3.76 , 2.35 , 3.74 
05665,North Hyde Park,VT, 4.64 , 3.07 , 3.35 , 5.88 , 8.48 , 10.48 , 5.34 , 4.07 , 10.93 , 5.92 , 5.48 , 2.51 , 4.86 , 3.78 , 3.06 , 2.87 , 5.15 , 6.74 , 4.37 , 4.26 , 2.65 , 6.05 , 7.85 , 4.19 , 7.19 , 2.02 , 2.70 , 4.00 , 3.79 , 9.46 , 11.92 , 6.12 , 4.51 , 6.74 , 3.19 , 6.56 , 4.00 , 4.75 , 3.27 , 5.91 , 5.32 , 4.45 , 7.03 , 6.81 , 4.39 , 2.47 , 6.36 , 3.42 , 6.11 , 2.91 , 2.00 , 2.10 , 3.87 , 3.50 , 11.03 , 5.45 , 2.45 , 4.57 , 4.51 , 3.57 ,  , 2.59 , 5.83 , 4.18 , 4.19 , 3.24 , 5.10 , 4.19 , 6.64 , 3.22 , 4.57 , 3.51 , 4.07 , 3.57 , 3.40 , 4.69 , 5.46 , 6.18 , 9.18 , 3.13 , 5.01 , 4.93 , 5.52 , 4.16 , 3.74 , 4.33 , 2.99 , 5.18 , 6.01 , 2.53 , 4.44 , 2.00 , 3.56 , 4.37 , 5.86 , 8.78 , 5.35 , 5.91 , 2.93 , 3.23 , 5.84 , 6.17 , 4.56 , 4.23 , 4.06 , 4.55 , 8.34 , 7.80 , 2.70 , 4.31 , 3.89 , 3.26 , 5.61 , 4.98 , 1.98 , 5.93 , 6.42 , 2.95 , 5.31 , 3.07 , 4.24 , 2.60 , 3.09 , 2.06 , 4.79 , 3.34 , 2.81 , 5.76 , 3.81 , 4.12 , 5.13 
05678,Websterville,VT, 3.40 , 1.82 , 3.11 , 3.69 , 6.02 , 11.65 , 3.80 , 1.22 , 9.41 , 4.43 , 3.20 , 1.56 , 2.84 , 2.55 , 0.80 , 1.13 , 2.80 , 4.35 , 4.19 , 3.82 , 1.63 , 5.06 , 4.65 , 1.11 , 4.87 , 1.56 , 1.75 , 1.87 , 1.53 , 4.56 , 8.18 , 7.25 , 1.67 , 4.02 , 1.94 , 3.19 , 3.13 , 2.13 , 2.78 , 3.01 , 2.04 , 4.57 , 3.80 , 6.65 , 2.43 , 1.29 ,  , 2.24 ,  , 2.16 , 1.52 , 1.01 , 2.62 , 4.76 , 10.41 , 5.85 , 2.91 , 5.51 , 2.90 , 0.83 , 4.50 , 1.50 , 4.43 , 2.43 , 2.20 , 2.88 , 3.35 , 6.67 , 5.48 , 1.91 , 4.31 , 2.81 , 3.03 , 2.50 , 2.57 , 3.17 , 3.88 , 4.59 , 9.50 , 3.81 , 3.56 , 2.70 , 5.52 , 1.94 , 2.89 , 2.85 , 1.77 , 2.86 , 5.78 , 2.07 , 3.62 , 3.50 , 3.16 , 2.68 , 3.91 , 5.69 , 2.87 , 4.39 , 2.60 , 2.06 , 4.49 , 6.29 , 5.69 , 3.59 , 5.35 , 3.48 , 5.46 , 3.61 , 2.82 , 2.50 , 2.85 , 2.45 , 3.30 , 2.34 , 0.88 , 4.19 , 4.57 , 2.08 , 4.86 , 2.20 , 2.84 , 2.16 , 1.44 , 0.88 , 3.72 , 2.43 , 1.76 , 8.06 , 3.54 , 2.17 , 4.37 
05875,West Glover,VT, 3.88 , 1.89 , 3.66 , 5.36 , 7.88 , 7.73 , 3.40 , 3.10 , 10.16 , 5.48 , 4.77 , 2.02 , 3.71 , 3.45 , 1.82 , 2.50 , 3.32 , 4.39 , 3.35 , 3.71 , 2.26 , 6.93 , 5.04 , 1.71 , 4.08 , 2.57 , 1.92 , 2.86 , 2.81 , 5.69 , 7.14 , 8.80 , 2.71 , 4.85 , 1.98 , 4.90 , 4.38 , 3.13 , 3.49 , 3.18 , 3.04 , 5.39 , 3.14 , 5.85 , 2.81 , 1.76 , 5.75 , 3.06 , 4.24 , 3.22 , 1.81 , 2.02 , 3.76 , 3.01 , 9.06 , 5.43 , 3.07 , 3.88 , 3.78 , 1.92 , 5.22 , 1.85 , 4.82 , 3.17 , 3.73 , 3.59 , 5.71 , 4.56 , 8.42 , 2.50 , 4.35 , 3.16 , 5.00 , 3.27 , 3.57 , 3.41 , 4.42 , 5.65 , 7.15 , 3.69 , 4.52 , 2.23 , 6.84 , 3.26 , 3.62 , 3.65 , 2.91 , 2.70 , 5.15 , 2.55 , 3.24 , 4.24 , 2.44 , 4.78 , 4.53 , 6.28 , 3.81 , 5.50 , 3.48 , 2.33 , 5.16 , 6.07 , 6.66 , 4.38 , 3.56 , 3.87 , 7.63 , 4.16 , 3.35 , 3.83 , 3.45 , 3.41 , 3.95 , 3.30 , 1.40 , 3.79 , 3.35 , 2.25 , 5.35 , 3.16 , 3.39 , 1.91 , 2.13 , 1.79 , 3.55 , 1.86 , 1.96 , 5.85 , 4.53 , 2.17 , 4.14 
06049,Melrose,CT, 4.07 , 3.93 , 4.11 , 7.10 , 6.49 , 4.98 , 7.91 , 1.53 , 16.72 , 9.67 , 7.79 , 3.24 , 5.55 , 3.19 , 0.71 , 1.95 , 2.96 , 3.96 , 4.32 , 2.87 , 5.13 , 5.63 , 6.46 , 0.68 , 5.69 , 1.98 , 4.51 , 2.41 , 1.74 , 5.67 , 14.11 , 3.79 , 7.36 , 3.80 , 1.99 , 3.35 , 3.73 , 3.22 , 4.10 , 4.05 , 3.79 , 6.52 , 2.50 , 4.26 , 3.70 , 1.68 , 6.81 , 3.64 , 4.69 , 4.07 , 2.46 , 2.08 , 3.13 , 1.41 , 6.86 , 3.72 , 2.66 , 3.35 , 5.77 , 2.35 , 3.91 , 2.07 , 5.92 , 2.34 , 2.36 , 2.51 , 2.35 , 3.05 , 4.54 , 1.13 , 2.73 , 3.12 , 3.84 , 3.17 , 2.97 , 3.26 , 4.99 , 5.24 , 3.17 , 5.06 , 3.10 , 2.80 , 9.76 , 0.80 , 2.52 , 4.56 , 4.97 , 2.71 , 5.21 , 2.61 , 3.67 , 5.41 , 7.74 , 9.40 , 4.33 , 8.63 , 3.98 , 6.26 , 2.80 , 2.53 , 8.23 , 4.44 , 2.81 , 2.79 , 2.90 , 2.18 , 7.55 , 3.79 , 8.07 , 2.27 , 3.51 , 4.11 , 5.23 , 2.68 , 1.69 , 2.51 , 2.25 , 0.91 , 5.77 , 3.18 , 7.99 , 2.25 , 2.80 , 2.25 ,  , 5.95 , 1.43 , 9.44 , 6.90 , 9.03 ,  
06050,New Britain,CT, 4.07 , 3.93 , 4.11 , 7.10 , 6.49 , 4.98 , 7.91 , 1.53 , 16.72 , 9.67 , 7.79 , 3.24 , 5.55 , 3.19 , 0.71 , 1.95 , 2.96 , 3.96 , 4.32 , 2.87 , 5.13 , 5.63 , 6.46 , 0.68 , 5.69 , 1.98 , 4.51 , 2.41 , 1.74 , 5.67 , 14.11 , 3.79 , 7.36 , 3.80 , 1.99 , 3.35 , 3.73 , 3.22 , 4.10 , 4.05 , 3.79 , 6.52 , 2.50 , 4.26 , 3.70 , 1.68 , 6.81 , 3.64 , 4.69 , 4.07 , 2.46 , 2.08 , 3.13 , 1.41 , 6.86 , 3.72 , 2.66 , 3.35 , 5.77 , 2.35 , 3.91 , 2.07 , 5.92 , 2.34 , 2.36 , 2.51 , 2.35 , 3.05 , 4.54 , 1.13 , 2.73 , 3.12 , 3.84 , 3.17 , 2.97 , 3.26 , 4.99 , 5.24 , 3.17 , 5.06 , 3.10 , 2.80 , 9.76 , 0.80 , 2.52 , 4.56 , 4.97 , 2.71 , 5.21 , 2.61 , 3.67 , 5.41 , 7.74 , 9.40 , 4.33 , 8.63 , 3.98 , 6.26 , 2.80 , 2.53 , 8.23 , 4.44 , 2.81 , 2.79 , 2.90 , 2.18 , 7.55 , 3.79 , 8.07 , 2.27 , 3.51 , 4.11 , 5.23 , 2.68 , 1.69 , 2.51 , 2.25 , 0.91 , 5.77 , 3.18 , 7.99 , 2.25 , 2.80 , 2.25 ,  , 5.95 , 1.43 , 9.44 , 6.90 , 9.03 ,  
24239,Davenport,VA, 4.25 , 2.13 , 1.93 , 7.39 , 6.92 , 6.02 , 3.88 , 6.15 , 2.24 , 7.56 , 3.38 , 5.44 , 4.39 , 2.41 , 4.48 , 6.19 , 4.86 , 2.44 , 2.75 , 4.25 , 3.34 , 5.73 , 3.89 , 0.93 , 4.02 , 7.72 , 2.01 , 4.62 , 4.92 , 4.31 , 6.83 , 8.44 , 4.04 , 4.80 , 1.11 , 3.40 , 6.80 , 2.48 , 3.67 , 3.48 , 2.14 , 3.96 , 5.24 , 5.17 , 5.15 , 3.21 , 5.87 , 2.56 , 3.50 , 2.14 ,  , 6.29 , 4.03 , 2.29 , 4.30 , 7.78 , 3.39 , 2.98 , 3.71 , 2.81 , 4.51 , 3.02 , 3.98 , 1.22 , 1.96 , 2.92 , 7.02 , 7.20 , 4.76 , 2.05 , 1.03 , 2.48 , 5.56 , 4.11 , 1.57 , 3.58 , 7.94 , 6.60 , 5.17 , 6.11 , 5.01 , 1.91 , 5.38 , 1.39 , 1.46 , 2.81 , 9.10 , 5.33 , 3.59 , 3.57 , 6.43 , 3.74 , 6.02 , 5.91 , 3.10 , 4.53 , 5.24 , 3.54 , 8.26 , 3.06 , 3.83 , 5.82 , 10.87 , 6.10 , 2.11 , 1.00 , 3.37 , 3.02 , 5.32 , 3.28 , 7.10 , 5.22 , 8.43 , 5.26 , 2.54 , 6.19 , 4.33 , 3.68 , 3.87 , 1.23 , 3.73 , 2.70 , 4.43 , 6.36 , 1.69 , 2.84 , 3.42 , 3.22 , 5.84 , 3.62 , 2.60 
24354,Marion,VA, 4.36 , 1.06 , 2.38 , 7.44 , 6.06 , 4.50 , 2.99 , 3.52 , 2.89 , 3.87 , 2.68 , 4.15 , 4.60 , 3.40 , 5.59 , 4.10 , 3.79 , 3.95 , 1.80 , 5.76 , 4.63 , 6.65 , 3.28 , 0.48 , 3.33 , 8.44 , 1.77 , 4.06 , 4.16 , 4.48 , 7.26 , 6.28 , 5.02 , 3.87 , 1.15 , 3.56 , 5.68 , 2.14 , 2.69 , 2.98 , 2.83 , 4.02 , 4.17 , 4.76 , 6.57 , 4.19 , 6.76 , 3.41 , 3.74 , 1.66 , 3.20 , 4.44 , 6.54 , 1.25 , 5.91 , 6.70 , 4.62 , 6.15 , 4.40 , 3.81 , 5.80 , 2.61 , 4.37 , 1.33 , 3.39 , 5.04 , 4.61 , 4.61 , 2.89 , 1.50 , 1.61 , 2.03 , 6.50 , 4.11 , 1.73 , 4.92 , 6.74 , 6.65 , 5.66 , 5.67 , 5.73 , 1.53 , 5.96 , 1.03 , 1.42 , 1.73 , 6.70 , 5.24 , 4.54 , 4.66 , 2.61 , 2.08 , 8.87 , 7.67 ,  , 6.02 , 6.02 , 4.56 , 9.83 , 3.50 , 4.61 , 4.06 , 4.20 , 4.09 , 3.90 , 0.69 , 6.38 , 3.76 , 5.43 , 3.94 , 8.33 , 6.43 , 9.02 , 6.50 , 3.08 , 4.58 , 6.32 , 4.27 , 4.95 , 2.51 , 3.08 , 3.30 , 5.35 , 6.47 , 2.04 , 2.61 , 2.66 , 3.10 , 5.20 , 2.82 , 5.51 
24542,Danville,VA, 4.44 , 2.35 , 1.06 , 4.16 , 4.18 , 4.94 , 1.95 , 2.25 , 2.50 , 6.79 , 3.43 , 5.69 , 3.00 , 2.35 , 1.04 , 5.79 , 3.47 , 3.35 , 4.01 , 5.83 , 1.95 , 4.93 , 2.77 , 0.42 , 3.89 , 9.15 , 2.09 , 2.87 , 3.74 , 4.72 , 7.36 , 6.46 , 4.60 , 1.50 , 2.14 , 4.05 , 6.09 , 4.79 , 2.15 , 3.00 , 5.54 , 2.78 , 1.58 , 4.53 , 8.33 , 3.70 , 3.54 , 3.11 , 3.13 , 2.09 , 1.72 , 3.02 , 3.62 , 1.83 , 9.01 , 4.61 , 2.23 , 7.75 , 4.76 , 5.60 , 7.42 , 2.87 , 5.35 , 4.14 , 3.67 , 10.35 , 4.55 , 5.60 , 6.02 , 3.13 , 4.56 , 0.43 , 3.13 , 3.99 , 1.05 , 3.23 , 9.03 , 8.67 , 4.43 , 4.51 , 4.67 , 2.61 , 3.28 , 1.36 , 0.60 , 2.58 , 3.65 , 3.41 , 6.24 , 6.61 , 3.56 , 3.17 , 9.55 , 10.88 , 7.91 , 7.64 , 7.71 , 4.78 , 4.80 , 3.53 , 2.56 , 3.37 , 9.01 , 2.92 , 4.55 , 1.42 , 7.56 , 2.87 , 3.87 , 3.38 , 7.74 , 1.95 , 6.31 , 9.03 , 5.96 , 3.45 , 7.57 , 5.80 , 5.45 , 5.76 , 5.57 , 2.93 , 5.49 , 3.26 , 3.30 , 1.23 , 4.67 , 5.04 , 5.86 , 2.97 , 1.75 
24737,Montcalm,WV, 4.12 , 2.47 , 2.13 , 8.28 , 5.29 , 6.03 , 1.13 , 2.26 , 3.10 , 5.88 , 3.26 , 3.67 , 4.72 , 3.17 , 5.04 , 5.59 , 6.07 , 4.54 , 1.41 , 7.40 , 3.13 , 5.01 , 4.25 , 0.81 , 3.57 , 6.69 , 2.15 , 4.37 , 5.44 , 4.33 , 4.55 , 3.65 , 3.12 , 2.13 , 2.17 , 3.89 , 5.50 , 2.05 , 3.53 , 2.48 , 2.67 , 3.47 , 5.65 , 2.69 , 7.19 , 3.43 , 6.32 , 3.42 , 2.65 , 1.77 , 4.66 , 5.66 , 5.50 , 1.76 , 3.35 , 5.50 , 4.66 , 4.10 , 3.90 , 2.99 , 4.46 , 3.64 , 4.69 , 1.64 , 1.72 , 7.11 , 4.07 , 7.10 , 4.56 , 1.13 , 2.01 , 1.57 , 4.81 , 5.69 , 1.44 , 4.42 , 5.88 , 7.56 ,  , 5.92 , 2.61 , 1.06 , 6.26 , 1.95 , 1.16 , 2.07 , 6.13 , 6.65 , 3.71 ,  , 1.72 , 3.82 , 5.21 , 11.29 ,  , 5.19 , 5.63 , 3.44 , 7.55 , 2.44 , 4.18 , 4.31 ,  , 5.41 , 1.75 , 0.26 , 5.10 , 2.19 , 2.22 , 3.17 , 5.59 , 5.89 , 8.37 , 7.68 , 5.50 , 3.77 , 4.60 , 3.99 , 3.91 , 2.95 , 4.07 , 4.58 , 5.56 , 4.71 , 3.17 , 2.36 , 5.33 , 3.76 , 4.41 , 2.66 , 3.67 
24895,Wilcoe,WV, 4.18 , 4.16 , 2.89 , 5.54 , 6.11 , 5.56 , 3.23 , 3.11 , 3.36 , 6.13 , 3.50 , 3.69 , 4.31 , 4.33 , 3.21 , 6.94 , 4.86 , 3.28 , 2.19 , 5.26 , 3.45 , 6.60 , 3.03 , 1.03 , 3.29 , 5.95 , 1.24 , 2.76 , 3.20 , 4.38 , 5.57 , 5.99 , 4.74 , 1.43 , 2.19 , 3.39 , 6.63 , 2.88 , 3.14 , 3.17 , 3.27 , 3.80 , 3.56 , 3.80 , 8.15 , 2.18 , 6.61 , 2.85 , 3.87 , 2.25 , 2.97 , 7.18 , 7.18 , 1.20 , 4.16 ,  , 2.13 , 3.01 , 2.60 , 2.78 , 4.44 , 2.96 , 4.66 , 1.98 , 3.17 , 7.70 , 5.16 , 7.44 , 2.50 , 1.02 , 1.69 , 1.67 , 6.63 , 5.41 , 1.52 , 4.59 , 5.81 , 7.70 , 5.65 , 3.46 , 3.11 , 1.17 , 4.98 , 1.41 , 1.76 , 3.10 , 8.77 , 4.34 , 3.78 , 5.92 , 3.68 , 4.80 , 8.24 , 8.69 , 3.50 , 4.42 , 5.52 , 3.79 , 8.33 , 3.19 , 3.52 , 4.39 , 6.72 , 4.27 , 1.78 , 0.12 , 5.22 , 3.09 , 5.15 , 2.81 , 7.89 , 6.11 , 6.87 , 6.75 , 4.81 , 2.90 , 6.72 , 5.20 , 3.56 , 2.49 ,  , 4.16 , 5.81 , 5.94 , 2.55 , 2.51 , 2.56 , 3.73 , 5.22 , 4.22 , 2.78 
24966,Renick,WV, 3.71 , 0.90 , 1.57 , 5.71 , 5.47 , 4.12 , 3.06 , 2.23 , 2.74 , 4.15 , 2.11 , 2.60 , 4.31 , 2.43 , 1.64 , 5.56 , 4.22 , 5.71 , 3.76 , 1.85 , 2.44 , 4.59 , 2.49 , 0.35 , 2.77 , 4.76 , 0.84 , 2.48 , 3.05 , 4.78 , 5.17 , 4.16 , 5.18 , 3.39 , 1.69 , 2.98 , 6.02 , 1.93 , 3.53 , 2.64 , 4.12 , 3.93 , 4.94 , 2.26 , 3.48 , 1.56 , 4.11 , 2.50 , 2.79 , 2.41 , 3.22 , 5.05 , 7.48 , 1.22 , 5.67 , 6.27 , 3.48 , 4.47 , 1.69 , 2.30 , 3.83 , 2.59 , 3.84 , 1.76 , 2.15 , 5.34 , 11.44 , 4.17 , 3.64 , 2.17 , 2.22 , 2.00 , 4.60 , 3.73 , 0.88 , 3.02 , 4.00 , 6.83 , 3.41 , 3.37 , 1.94 , 0.85 , 6.93 , 0.74 , 1.11 , 1.80 , 5.18 , 3.39 , 4.65 , 6.60 , 4.87 , 1.56 , 8.27 , 9.02 , 3.13 , 4.70 , 3.92 , 3.59 , 6.00 , 3.15 , 5.19 , 4.28 , 4.63 , 3.74 , 1.37 , 0.08 , 4.92 , 2.29 , 3.28 , 3.16 , 5.62 , 3.17 , 6.28 , 3.50 , 5.35 , 5.35 , 6.62 , 3.41 , 3.81 , 2.43 , 4.13 , 3.43 , 4.14 , 3.48 , 3.09 , 1.54 , 5.27 , 2.58 , 4.98 , 4.53 , 3.20 
25011,Bancroft,WV, 4.08 , 2.51 , 3.06 , 4.71 , 6.97 , 5.40 , 3.23 , 3.12 , 3.74 , 7.57 , 5.14 , 6.73 , 3.86 , 2.63 , 2.41 , 4.16 , 3.67 , 5.92 , 4.54 , 9.52 , 0.91 , 6.22 , 4.78 , 0.75 , 5.67 , 4.32 , 1.93 , 3.99 , 1.93 , 5.91 , 6.08 , 9.16 , 4.58 , 3.92 , 1.69 , 3.11 , 4.36 , 2.49 , 5.10 , 3.72 , 3.36 , 2.06 , 4.90 , 3.51 , 3.56 , 4.65 , 6.09 , 2.29 , 2.95 , 2.09 , 2.85 , 4.50 , 6.24 , 2.30 , 4.15 , 7.74 , 3.46 , 2.80 , 2.52 , 1.90 , 5.63 , 2.66 , 4.38 , 2.78 ,  ,  , 5.22 , 4.76 , 4.18 , 1.25 , 4.60 , 1.89 , 4.33 , 5.98 ,  ,  ,  , 4.41 , 5.78 , 3.60 , 2.40 , 2.10 , 5.19 , 1.89 , 2.48 , 2.88 , 7.96 , 4.78 , 4.90 , 3.85 , 7.17 , 6.89 , 6.04 , 7.72 , 2.08 ,  , 5.88 , 3.52 , 5.05 , 1.87 , 2.96 , 6.23 , 5.28 , 2.54 , 2.80 , 0.36 , 4.38 , 2.89 , 5.99 , 3.26 , 4.39 , 3.16 , 5.75 , 7.11 , 4.12 , 4.79 , 3.87 , 2.35 , 4.29 , 2.57 , 3.63 , 3.03 , 3.43 , 4.72 , 3.32 , 2.15 , 5.26 , 3.31 , 6.95 , 2.80 , 3.75 
25025,Blount,WV, 4.06 , 1.39 , 3.20 , 4.81 , 6.32 , 4.21 , 3.63 , 2.88 , 2.34 , 5.62 , 4.20 , 4.22 , 2.48 , 2.44 , 2.26 , 4.42 , 3.30 , 3.57 , 1.90 , 6.64 , 0.82 , 5.57 , 4.73 , 0.87 , 4.98 , 4.54 , 2.48 , 2.57 , 1.30 , 3.61 , 4.78 , 7.59 , 3.15 , 0.82 , 1.79 , 4.37 , 7.53 , 3.18 , 5.47 , 4.31 , 2.99 , 4.31 , 3.79 , 3.26 , 4.03 , 3.58 , 4.46 , 1.91 , 2.87 , 1.73 , 2.75 , 5.32 , 5.30 , 0.54 , 5.39 , 9.59 , 1.54 , 3.54 , 1.74 , 1.59 , 5.79 , 2.11 , 2.75 , 2.76 , 3.36 , 4.70 , 6.53 , 3.71 , 4.98 , 1.67 , 3.63 , 1.74 , 4.99 , 3.00 , 1.96 , 4.43 , 4.11 , 5.95 , 7.38 , 5.78 , 3.58 , 2.22 , 5.00 , 2.54 , 2.15 , 3.02 , 7.71 , 4.63 , 3.93 , 4.59 , 4.63 , 8.02 , 6.62 , 7.46 , 4.27 , 4.08 , 5.09 , 3.75 , 5.48 , 2.69 , 3.31 , 6.07 , 3.01 , 2.39 , 4.37 , 0.43 , 7.26 , 3.36 , 6.00 , 4.54 , 6.45 , 3.00 , 6.48 , 8.21 , 7.10 , 4.39 , 5.91 , 2.89 , 3.13 , 3.00 , 4.23 , 3.46 , 3.76 , 6.00 , 2.69 , 3.08 , 4.96 , 4.59 , 7.64 , 3.18 , 3.18 
25103,Hansford,WV, 4.06 , 1.39 , 3.20 , 4.81 , 6.32 , 4.21 , 3.63 , 2.88 , 2.34 , 5.62 , 4.20 , 4.22 , 2.48 , 2.44 , 2.26 , 4.42 , 3.30 , 3.57 , 1.90 , 6.64 , 0.82 , 5.57 , 4.73 , 0.87 , 4.98 , 4.54 , 2.48 , 2.57 , 1.30 , 3.61 , 4.78 , 7.59 , 3.15 , 0.82 , 1.79 , 4.37 , 7.53 , 3.18 , 5.47 , 4.31 , 2.99 , 4.31 , 3.79 , 3.26 , 4.03 , 3.58 , 4.46 , 1.91 , 2.87 , 1.73 , 2.75 , 5.32 , 5.30 , 0.54 , 5.39 , 9.59 , 1.54 , 3.54 , 1.74 , 1.59 , 5.79 , 2.11 , 2.75 , 2.76 , 3.36 , 4.70 , 6.53 , 3.71 , 4.98 , 1.67 , 3.63 , 1.74 , 4.99 , 3.00 , 1.96 , 4.43 , 4.11 , 5.95 , 7.38 , 5.78 , 3.58 , 2.22 , 5.00 , 2.54 , 2.15 , 3.02 , 7.71 , 4.63 , 3.93 , 4.59 , 4.63 , 8.02 , 6.62 , 7.46 , 4.27 , 4.08 , 5.09 , 3.75 , 5.48 , 2.69 , 3.31 , 6.07 , 3.01 , 2.39 , 4.37 , 0.43 , 7.26 , 3.36 , 6.00 , 4.54 , 6.45 , 3.00 , 6.48 , 8.21 , 7.10 , 4.39 , 5.91 , 2.89 , 3.13 , 3.00 , 4.23 , 3.46 , 3.76 , 6.00 , 2.69 , 3.08 , 4.96 , 4.59 , 7.64 , 3.18 , 3.18 
25133,Maysel,WV, 4.12 , 2.98 , 3.13 , 7.10 , 6.79 , 4.72 , 4.60 , 2.87 , 2.20 , 6.76 , 5.13 , 6.76 , 4.29 , 2.83 , 1.91 , 5.71 , 1.96 , 7.20 , 3.98 , 7.89 , 1.36 , 5.49 , 5.32 , 1.04 , 5.69 , 4.27 , 1.82 , 4.34 , 2.04 , 3.88 , 6.23 , 6.50 , 4.96 , 3.46 , 1.25 , 3.41 , 6.55 , 2.92 , 4.86 , 3.61 , 2.17 , 3.34 , 3.92 , 4.29 , 2.38 , 2.36 , 5.24 , 1.87 , 3.48 , 2.30 , 2.76 ,  , 6.21 , 3.72 , 6.58 , 9.71 , 3.51 , 2.84 , 2.08 , 2.24 , 4.93 , 3.07 , 3.39 , 2.40 , 3.78 , 5.85 , 6.87 , 6.34 , 2.86 , 0.94 , 4.93 , 1.33 , 5.07 , 5.82 , 1.53 , 3.60 , 3.93 , 4.28 , 2.95 , 5.21 , 2.35 , 1.64 , 5.31 , 2.84 , 2.45 , 3.93 , 7.53 , 4.45 , 5.65 , 7.70 , 5.62 , 5.78 , 4.10 , 8.43 , 3.89 , 4.18 , 5.01 , 3.68 , 3.81 , 2.63 , 3.56 , 4.48 , 6.31 , 2.56 , 4.02 , 0.16 , 4.74 , 2.75 , 5.89 , 4.04 , 5.29 , 3.52 ,  , 5.91 , 5.37 , 7.62 , 8.60 , 2.30 , 5.09 , 2.36 , 4.47 , 2.46 , 2.40 , 3.61 , 3.99 , 3.43 , 4.89 , 3.19 , 4.10 , 3.61 , 2.73 
02358,North Pembroke,MA, 4.29 , 3.63 , 4.14 , 2.24 , 7.11 , 3.38 , 4.50 , 4.46 , 4.84 , 4.98 , 9.16 , 3.72 , 3.34 , 3.49 , 0.97 , 1.81 , 1.95 , 6.56 , 3.37 , 2.82 , 6.43 , 7.50 , 4.59 , 3.37 , 7.02 , 2.17 , 5.39 , 5.40 , 2.84 , 5.50 , 9.77 , 3.15 , 1.82 , 2.61 , 0.95 , 4.28 , 4.50 , 3.67 , 4.57 , 5.90 , 3.75 , 2.80 , 2.15 , 8.93 , 2.65 , 1.52 , 7.94 , 7.15 , 5.98 , 5.11 , 3.43 , 5.91 , 1.80 , 0.96 , 3.78 , 1.87 , 2.60 , 2.73 , 5.61 , 3.88 , 7.09 , 3.42 , 4.90 , 3.12 , 4.56 , 5.07 , 1.03 , 1.92 , 1.59 , 3.55 , 6.03 , 2.26 , 2.92 , 6.71 , 2.76 , 3.59 , 7.91 , 5.22 , 4.20 , 2.83 , 4.70 , 5.06 , 5.55 , 3.64 , 2.78 , 6.62 , 7.15 , 9.41 , 5.36 , 2.14 , 3.59 , 1.07 , 3.89 , 4.86 , 6.67 , 9.04 , 3.46 , 6.47 , 3.58 , 4.53 , 5.56 , 3.64 , 5.20 , 5.85 , 2.83 , 2.43 , 8.69 , 3.71 , 9.47 , 1.68 , 3.47 , 4.66 , 5.63 , 3.33 , 1.96 , 0.50 , 2.07 , 1.13 , 3.61 , 2.87 , 7.63 , 2.50 , 5.91 , 2.57 , 3.99 , 6.28 , 1.98 , 4.86 , 5.78 , 10.26 ,  
02789,South Kingstown,RI, 4.36 , 4.36 , 5.06 , 2.11 , 6.07 , 3.39 , 4.37 , 1.93 , 7.58 , 6.94 , 8.40 , 5.50 , 4.06 , 3.73 , 1.34 , 1.75 , 3.43 , 5.10 , 4.48 , 4.30 , 5.89 , 2.97 , 2.69 , 1.10 , 7.65 , 2.23 , 5.07 , 2.22 , 2.43 , 4.14 , 10.00 , 1.93 , 4.56 , 4.42 , 1.02 , 4.93 , 4.83 , 3.74 , 4.67 , 7.54 , 4.69 , 3.80 , 3.21 , 5.76 , 1.71 , 0.88 , 3.90 , 5.44 , 7.34 , 3.98 , 2.31 , 5.39 , 2.18 , 0.38 , 6.33 , 3.66 , 3.01 , 4.04 , 4.40 , 3.00 , 6.28 , 3.32 , 5.93 , 3.40 , 4.27 , 3.33 , 1.61 , 2.02 , 1.60 , 3.61 , 6.09 , 4.10 , 4.08 , 5.61 , 2.53 , 4.61 , 8.68 , 6.73 , 3.02 , 3.39 , 2.01 , 3.76 , 8.06 , 3.48 , 2.93 , 6.63 , 6.70 , 5.96 , 5.20 , 2.62 , 2.36 , 1.57 , 4.20 , 7.04 , 7.48 , 10.80 , 5.06 , 7.23 , 3.86 , 4.19 , 7.72 , 4.63 , 6.39 , 5.48 , 3.24 , 1.45 , 9.46 , 3.34 , 8.61 , 1.46 , 3.44 , 5.88 , 5.54 , 3.70 , 2.14 , 2.20 , 1.32 , 1.06 , 6.67 , 5.50 , 10.39 , 2.36 , 4.68 , 3.17 , 3.97 , 4.72 , 1.45 , 5.15 , 6.94 , 8.88 ,  
,,,,,,,,,,,,,,,,,,,,,,,,,,,,,,,,,,,,,,,,,,,,,,,,,,,,,,,,,,,,,,,,,,,,,,,,,,,,,,,,,,,,,,,,,,,,,,,,,,,,,,,,,,,,,,,,,,,,,,,,,,,,,,,,,,,,,
"©Commenda LLC , DBA WeatherDatabyZipCode.com",,,,,,,,,,,,,,,,,,,,,,,,,,,,,,,,,,,,,,,,,,,,,,,,,,,,,,,,,,,,,,,,,,,,,,,,,,,,,,,,,,,,,,,,,,,,,,,,,,,,,,,,,,,,,,,,,,,,,,,,,,,,,,,,,,,,,
